INFO:root:0, 1.498842, 0.150620, 57.948181, 95.281846, 0.331625, 0.788386
INFO:root:0, 8.123006, 3.431789, 0.000000, 0.000000, 0.000000, 0.000000
INFO:root:1, 5.537833, 3.126010, 0.000000, 0.000000, 0.000000, 0.000000
INFO:root:2, 4.543141, 2.921974, 0.000000, 0.000000, 0.000000, 0.000000
INFO:root:3, 3.989554, 2.772563, 0.000000, 0.000000, 0.000000, 0.000000
INFO:root:0, 8.155377, 3.625704, 0.156250, 0.000000, 0.000000, 0.000000
INFO:root:1, 5.590606, 3.221791, 0.078125, 0.000000, 0.000000, 0.000000
INFO:root:2, 4.574470, 3.004843, 0.052083, 0.000000, 0.000000, 0.000000
INFO:root:3, 4.025112, 2.849487, 0.039062, 0.000000, 0.000000, 0.000000
INFO:root:1, 0.784467, 0.097205, 78.004901, 96.650906, 0.615563, 0.852643
INFO:root:0, 8.257230, 3.560311, 0.156250, 0.000000, 0.000000, 0.000000
INFO:root:1, 5.667813, 3.142570, 0.078125, 0.000000, 0.000000, 0.000000
INFO:root:2, 4.619795, 2.911437, 0.052083, 0.000000, 0.000000, 0.000000
INFO:root:3, 4.027251, 2.722365, 0.039062, 0.000000, 0.000000, 0.000000
INFO:root:0, 5.891322, 2.689186, 0.000000, 0.000000, 0.000000, 0.000000
INFO:root:1, 4.173047, 2.411017, 0.000000, 0.000000, 0.000000, 0.000000
INFO:root:2, 3.439191, 2.170555, 3.240741, 4.166667, 0.000000, 0.000000
INFO:root:3, 2.966313, 1.956201, 9.418403, 15.625000, 0.000000, 0.000000
INFO:root:0, 6.143833, 2.675641, 1.649306, 0.000000, 0.000000, 0.000000
INFO:root:1, 4.321061, 2.471455, 0.824653, 0.000000, 0.000000, 0.000000
INFO:root:2, 3.566930, 2.260539, 1.475694, 4.166667, 0.000000, 0.000000
INFO:root:3, 3.088644, 2.063122, 5.902778, 12.500000, 0.000000, 0.000000
INFO:root:0, 6.014953, 2.765635, 0.000000, 0.000000, 0.000000, 0.000000
INFO:root:1, 4.309696, 2.589911, 0.000000, 0.000000, 0.000000, 0.000000
INFO:root:2, 3.612880, 2.407108, 0.185185, 2.604167, 0.000000, 0.000000
INFO:root:3, 3.168622, 2.218478, 3.958333, 8.203125, 0.000000, 0.000000
INFO:root:4, 2.833851, 2.038322, 9.781250, 16.562500, 0.000000, 0.000000
INFO:root:5, 2.567782, 1.885142, 16.947338, 24.218750, 0.000000, 0.000000
INFO:root:6, 2.354150, 1.761443, 23.454861, 29.687500, 0.000000, 0.000000
INFO:root:7, 2.182856, 2.051951, 28.324653, 28.450521, 0.000000, 0.000000
INFO:root:8, 2.045587, 1.957954, 32.121914, 31.307870, 0.000000, 0.000000
INFO:root:9, 1.935333, 1.855772, 35.159722, 34.427083, 0.000000, 0.000000
INFO:root:0, 8.003284, 3.398034, 0.781250, 0.000000, 0.000000, 0.000000
INFO:root:1, 5.489482, 3.078254, 0.390625, 0.000000, 0.000000, 0.000000
INFO:root:2, 4.492485, 2.866702, 0.260417, 0.000000, 0.000000, 0.000000
INFO:root:3, 3.937902, 2.692146, 0.820312, 3.125000, 0.000000, 0.000000
INFO:root:4, 3.547598, 2.533022, 3.156250, 5.000000, 0.000000, 0.000000
INFO:root:0, 8.191987, 3.491986, 0.000000, 0.000000, 0.000000, 0.000000
INFO:root:1, 5.610066, 3.079529, 0.000000, 0.000000, 0.000000, 0.000000
INFO:root:2, 4.594233, 2.855768, 0.000000, 0.000000, 0.000000, 0.000000
INFO:root:3, 4.023009, 2.687811, 0.000000, 0.000000, 0.000000, 0.000000
INFO:root:4, 3.638071, 2.537221, 0.000000, 2.500000, 0.000000, 0.000000
INFO:root:0, 8.130912, 3.559211, 1.250000, 0.000000, 0.000000, 0.000000
INFO:root:1, 5.576924, 3.203694, 0.625000, 0.000000, 0.000000, 0.000000
INFO:root:2, 4.567668, 2.966099, 0.416667, 0.000000, 0.000000, 0.000000
INFO:root:3, 3.994869, 2.776658, 0.312500, 0.000000, 0.000000, 0.000000
INFO:root:4, 3.595517, 2.599255, 2.250000, 2.500000, 0.000000, 0.000000
ERROR:asyncio:Task was destroyed but it is pending!
task: <Task pending name='Task-1' coro=<Kernel.poll_control_queue() running at /Users/stashakkarainen/anaconda3/lib/python3.10/site-packages/ipykernel/kernelbase.py:284> wait_for=<Future pending cb=[Task.task_wakeup()]> cb=[_chain_future.<locals>._call_set_state() at /Users/stashakkarainen/anaconda3/lib/python3.10/asyncio/futures.py:392]>
INFO:root:0, 7.927011, 3.465561, 0.000000, 0.000000, 0.000000, 0.000000
INFO:root:1, 5.463016, 3.052156, 0.000000, 0.000000, 0.000000, 0.000000
INFO:root:2, 4.493918, 2.837876, 0.000000, 0.000000, 0.000000, 0.000000
INFO:root:3, 3.960079, 2.666545, 0.000000, 0.000000, 0.000000, 0.000000
INFO:root:0, 8.088239, 3.387857, 0.312500, 0.000000, 0.000000, 0.000000
INFO:root:1, 5.506373, 3.148984, 0.156250, 0.000000, 0.000000, 0.000000
INFO:root:2, 4.514932, 2.925483, 0.104167, 0.000000, 0.000000, 0.000000
INFO:root:3, 3.952409, 2.739627, 0.078125, 0.000000, 0.000000, 0.000000
INFO:root:0, 8.008286, 3.339100, 0.234375, 0.000000, 0.000000, 0.000000
INFO:root:1, 5.486421, 2.974941, 0.117188, 0.000000, 0.000000, 0.000000
INFO:root:2, 4.510758, 2.772276, 0.078125, 0.000000, 0.000000, 0.000000
INFO:root:3, 3.966026, 2.626168, 0.058594, 0.000000, 0.000000, 0.000000
INFO:root:0, 7.343189, 3.057657, 0.065104, 0.000000, 0.000000, 0.000000
INFO:root:1, 5.068876, 2.794442, 0.032552, 0.000000, 0.000000, 0.000000
INFO:root:2, 4.206567, 2.658361, 0.021701, 0.000000, 0.000000, 0.000000
INFO:root:3, 3.721815, 2.539695, 0.016276, 0.000000, 0.000000, 0.000000
INFO:root:0, 7.070649, 3.080570, 0.260417, 0.000000, 0.000000, 0.000000
INFO:root:1, 4.934341, 2.821106, 0.130208, 0.000000, 0.000000, 0.000000
INFO:root:2, 4.107257, 2.655523, 0.086806, 0.000000, 0.000000, 0.000000
INFO:root:3, 3.628819, 2.506473, 0.065104, 2.968750, 0.000000, 0.000000
INFO:root:0, 10.424873, 10.072889, 0.325521, 0.000000, 0.000000, 0.000000
INFO:root:1, 7.312244, 6.632480, 0.162760, 0.000000, 0.000000, 0.000000
INFO:root:2, 5.858350, 5.334799, 0.108507, 0.000000, 0.000000, 0.000000
INFO:root:3, 5.052892, 4.618258, 0.081380, 0.000000, 0.000000, 0.000000
INFO:root:4, 4.527425, 4.166259, 0.065104, 0.000000, 0.000000, 0.000000
INFO:root:5, 4.151405, 3.838345, 0.054253, 0.000000, 0.000000, 0.000000
INFO:root:6, 3.859463, 3.577434, 0.641741, 1.785714, 0.000000, 0.000000
INFO:root:7, 3.616366, 3.357433, 2.124023, 3.125000, 0.000000, 0.000000
INFO:root:0, 9.068566, 8.689891, 0.846354, 0.000000, 0.000000, 0.000000
INFO:root:1, 5.889934, 6.111980, 0.423177, 0.000000, 0.000000, 0.000000
INFO:root:2, 5.641686, 6.371701, 0.282118, 0.000000, 0.000000, 0.000000
INFO:root:3, 6.227478, 7.111620, 0.211589, 0.000000, 0.000000, 0.000000
INFO:root:4, 7.016922, 7.961481, 0.169271, 0.000000, 0.000000, 0.000000
INFO:root:5, 7.876317, 8.834261, 0.141059, 0.000000, 0.000000, 0.000000
INFO:root:6, 8.725038, 9.686209, 0.120908, 0.000000, 0.000000, 0.000000
INFO:root:7, 9.550739, 10.498627, 0.105794, 0.000000, 0.000000, 0.000000
INFO:root:0, 11.354608, 11.172250, 0.065104, 0.000000, 0.000000, 0.000000
INFO:root:1, 7.873370, 7.215684, 0.032552, 0.000000, 0.000000, 0.000000
INFO:root:2, 6.227890, 5.698310, 0.021701, 0.000000, 0.000000, 0.000000
INFO:root:3, 5.317993, 4.887722, 0.016276, 0.000000, 0.000000, 0.000000
INFO:root:4, 4.732675, 4.374210, 0.013021, 0.000000, 0.000000, 0.000000
INFO:root:5, 4.315505, 4.003371, 0.010851, 0.000000, 0.000000, 0.000000
INFO:root:6, 3.994623, 3.713773, 0.009301, 1.743197, 0.000000, 0.000000
INFO:root:7, 3.732957, 3.477244, 1.562500, 3.087798, 0.000000, 0.000000
INFO:root:0, 12.242261, 12.359100, 12.992932, 0.000000, 0.000000, 0.000000
INFO:root:1, 11.830597, 12.054906, 8.319382, 0.000000, 0.000000, 0.000000
INFO:root:2, 11.109461, 11.135918, 5.546255, 0.000000, 0.000000, 0.000000
INFO:root:3, 9.966331, 9.641739, 4.159691, 0.000000, 0.000000, 0.000000
INFO:root:0, 8.008157, 3.482339, 0.000000, 0.000000, 0.000000, 0.000000
INFO:root:1, 5.477006, 3.070689, 0.000000, 0.000000, 0.000000, 0.000000
INFO:root:2, 4.485298, 2.834229, 0.000000, 0.000000, 0.000000, 0.000000
INFO:root:3, 3.932580, 2.666104, 0.000000, 0.000000, 0.000000, 0.000000
INFO:root:0, 11.705322, 10.797051, 0.325521, 0.000000, 0.000000, 0.000000
INFO:root:1, 8.364054, 7.090662, 0.162760, 0.000000, 0.000000, 0.000000
INFO:root:2, 6.635858, 5.613855, 0.108507, 0.000000, 0.000000, 0.000000
INFO:root:3, 5.644770, 4.865096, 0.081380, 0.000000, 0.000000, 0.000000
INFO:root:0, 11.241701, 11.166286, 2.213542, 0.000000, 0.000000, 0.000000
INFO:root:1, 7.785781, 7.196827, 1.106771, 0.000000, 0.000000, 0.000000
INFO:root:2, 6.183036, 5.725517, 0.737847, 0.000000, 0.000000, 0.000000
INFO:root:3, 5.316996, 4.917456, 0.553385, 0.000000, 0.000000, 0.000000
INFO:root:4, 4.759410, 4.428214, 0.442708, 0.000000, 0.000000, 0.000000
INFO:root:5, 4.374658, 4.078840, 0.368924, 0.000000, 0.000000, 0.000000
INFO:root:6, 4.080563, 3.812306, 0.316220, 0.000000, 0.000000, 0.000000
INFO:root:7, 3.841620, 3.595944, 0.276693, 1.413690, 0.000000, 0.000000
INFO:root:0, 8.129640, 3.339144, 0.130208, 0.000000, 0.000000, 0.000000
INFO:root:1, 5.548574, 2.995432, 0.065104, 0.000000, 0.000000, 0.000000
INFO:root:2, 4.547433, 2.798014, 0.043403, 0.000000, 0.000000, 0.000000
INFO:root:3, 3.989499, 2.639279, 0.032552, 0.000000, 0.000000, 0.000000
INFO:root:4, 3.604862, 2.488170, 0.026042, 2.500000, 0.000000, 0.000000
INFO:root:5, 3.303434, 2.345938, 3.841146, 6.250000, 0.000000, 0.000000
INFO:root:6, 3.054200, 2.213015, 7.886905, 10.714286, 0.000000, 0.000000
INFO:root:7, 2.839541, 2.096212, 12.459310, 15.473633, 0.000000, 0.000000
INFO:root:0, 7.900007, 3.324257, 1.171875, 0.000000, 0.000000, 0.000000
INFO:root:1, 5.409934, 3.023934, 0.585938, 0.000000, 0.000000, 0.000000
INFO:root:2, 4.418582, 2.786340, 0.390625, 0.000000, 0.000000, 0.000000
INFO:root:3, 3.851025, 2.601159, 0.292969, 0.000000, 0.000000, 0.000000
INFO:root:4, 3.461677, 2.475625, 3.138021, 5.000000, 0.000000, 0.000000
INFO:root:5, 3.157392, 2.324235, 7.367622, 10.416667, 0.000000, 0.000000
INFO:root:6, 2.912205, 2.185824, 11.969866, 16.071429, 0.000000, 0.000000
INFO:root:7, 2.705875, 2.066109, 16.723633, 20.312500, 0.000000, 0.000000
INFO:root:8, 2.530275, 1.955976, 21.563947, 25.000000, 0.000000, 0.000000
INFO:root:9, 2.378481, 1.861048, 25.657552, 28.730469, 0.000000, 0.000000
INFO:root:10, 2.250111, 1.859378, 29.000947, 29.584517, 0.000000, 0.000000
INFO:root:11, 2.140819, 1.882989, 31.792535, 30.244141, 0.000000, 0.000000
INFO:root:12, 2.046876, 1.827829, 34.154647, 32.313702, 0.000000, 0.000000
INFO:root:13, 1.966364, 1.766081, 36.179315, 34.455915, 0.000000, 0.000000
INFO:root:14, 1.896209, 1.709080, 37.934028, 36.325521, 0.000000, 0.000000
INFO:root:15, 1.834172, 1.660005, 39.469401, 37.961426, 0.000000, 0.000000
INFO:root:0, 12.169858, 12.320920, 0.195312, 0.000000, 0.000000, 0.000000
INFO:root:1, 11.699684, 12.022696, 0.097656, 0.000000, 0.000000, 0.000000
INFO:root:2, 10.905954, 11.124202, 0.065104, 0.000000, 0.000000, 0.000000
INFO:root:3, 9.727845, 9.612237, 0.048828, 0.000000, 0.000000, 0.000000
INFO:root:4, 8.586669, 8.437798, 0.039062, 0.000000, 0.000000, 0.000000
INFO:root:5, 7.757841, 7.599755, 0.032552, 0.000000, 0.000000, 0.000000
INFO:root:6, 7.105516, 6.940337, 0.027902, 0.000000, 0.000000, 0.000000
INFO:root:7, 6.572815, 6.414768, 0.024414, 0.000000, 0.000000, 0.000000
INFO:root:8, 6.131568, 5.976184, 0.021701, 0.000000, 0.000000, 0.000000
INFO:root:9, 5.755905, 5.602720, 0.019531, 0.000000, 0.000000, 0.000000
INFO:root:10, 5.430504, 5.279049, 0.017756, 0.000000, 0.000000, 0.000000
INFO:root:11, 5.144155, 4.994451, 0.754123, 1.041667, 0.000000, 0.000000
INFO:root:12, 4.888967, 4.741808, 1.657652, 1.923077, 0.000000, 0.000000
INFO:root:13, 4.660618, 4.516489, 3.520275, 4.464286, 0.000000, 0.000000
INFO:root:14, 4.454629, 4.314511, 5.785590, 6.666667, 0.000000, 0.000000
INFO:root:15, 4.268133, 4.132514, 7.767741, 8.593750, 0.000000, 0.000000
INFO:root:0, 12.222513, 12.359509, 20.507812, 12.500000, 0.000000, 0.000000
INFO:root:1, 11.784897, 12.085973, 16.569010, 6.250000, 0.000000, 0.000000
INFO:root:2, 11.002444, 11.158811, 11.046007, 4.166667, 0.000000, 0.000000
INFO:root:3, 9.792947, 9.614958, 8.284505, 3.125000, 0.000000, 0.000000
INFO:root:4, 8.640802, 8.453175, 6.627604, 2.500000, 0.000000, 0.000000
INFO:root:5, 7.817250, 7.625856, 5.523003, 2.083333, 0.000000, 0.000000
INFO:root:6, 7.168919, 6.975243, 4.734003, 1.785714, 0.000000, 0.000000
INFO:root:7, 6.638151, 6.454011, 4.142253, 1.562500, 0.000000, 0.000000
INFO:root:8, 6.194061, 6.015456, 3.682002, 1.388889, 0.000000, 0.000000
INFO:root:9, 5.813438, 5.638415, 3.313802, 1.250000, 0.000000, 0.000000
INFO:root:10, 5.480447, 5.310240, 3.012547, 1.193182, 0.000000, 0.000000
INFO:root:11, 5.187363, 5.020949, 3.629557, 2.135417, 0.000000, 0.000000
INFO:root:12, 4.926929, 4.764882, 4.311899, 2.932692, 0.000000, 0.000000
INFO:root:13, 4.692419, 4.536614, 6.273251, 5.401786, 0.000000, 0.000000
INFO:root:14, 4.482296, 4.331980, 8.355035, 7.541667, 0.000000, 0.000000
INFO:root:15, 4.291686, 4.147455, 10.176595, 9.414062, 0.000000, 0.000000
INFO:root:16, 4.118803, 3.980027, 12.274050, 11.801471, 0.000000, 0.000000
INFO:root:17, 3.961222, 3.828379, 14.369936, 13.923611, 0.000000, 0.000000
INFO:root:18, 3.817410, 3.690272, 16.245203, 15.822368, 0.000000, 0.000000
INFO:root:19, 3.686020, 3.564404, 18.037109, 18.146484, 0.000000, 0.000000
INFO:root:20, 3.565090, 3.448609, 20.084414, 20.258557, 0.000000, 0.000000
INFO:root:21, 3.453586, 3.342013, 21.994639, 22.178622, 0.000000, 0.000000
INFO:root:22, 3.350253, 3.245975, 23.755742, 23.931726, 0.000000, 0.000000
INFO:root:23, 3.254872, 3.157110, 25.367374, 25.437826, 0.000000, 0.000000
INFO:root:24, 3.166221, 3.072881, 26.847470, 26.920313, 0.000000, 0.000000
INFO:root:25, 3.083596, 2.994825, 28.218721, 28.288762, 0.000000, 0.000000
INFO:root:26, 3.006292, 2.922673, 29.485987, 29.555845, 0.000000, 0.000000
INFO:root:27, 2.933855, 2.855379, 30.665059, 30.710100, 0.000000, 0.000000
INFO:root:28, 2.866101, 2.792605, 31.760571, 31.806304, 0.000000, 0.000000
INFO:root:29, 2.802291, 2.733182, 32.785218, 32.829427, 0.000000, 0.000000
INFO:root:30, 2.742027, 2.677888, 33.743760, 33.786542, 0.000000, 0.000000
INFO:root:31, 2.684922, 2.625351, 34.642392, 34.683838, 0.000000, 0.000000
INFO:root:0, 8.127397, 3.476583, 0.000000, 0.000000, 0.000000, 0.000000
INFO:root:1, 5.559323, 3.144132, 0.000000, 0.000000, 0.000000, 0.000000
INFO:root:2, 4.577675, 2.921299, 0.000000, 0.000000, 0.000000, 0.000000
INFO:root:3, 4.032051, 2.752770, 0.000000, 0.000000, 0.000000, 0.000000
INFO:root:4, 3.658162, 2.611661, 0.416667, 2.460938, 0.000000, 0.000000
INFO:root:5, 3.367661, 2.478443, 2.430556, 4.134115, 0.000000, 0.000000
INFO:root:6, 3.123653, 2.343169, 5.394345, 8.900670, 0.000000, 0.000000
INFO:root:7, 2.914720, 2.229904, 10.180664, 13.759766, 0.000000, 0.000000
INFO:root:8, 2.733592, 2.114799, 14.605035, 17.786458, 0.000000, 0.000000
INFO:root:9, 2.576742, 2.026491, 18.769531, 21.335938, 0.000000, 0.000000
INFO:root:10, 2.439890, 1.932960, 22.745028, 25.078125, 0.000000, 0.000000
INFO:root:11, 2.320204, 1.850907, 26.057943, 28.196615, 0.000000, 0.000000
INFO:root:12, 2.215834, 1.780567, 28.861178, 30.835337, 0.000000, 0.000000
INFO:root:13, 2.124970, 1.719438, 31.263951, 33.097098, 0.000000, 0.000000
INFO:root:14, 2.044650, 1.665200, 33.342014, 35.057292, 0.000000, 0.000000
INFO:root:15, 1.974798, 1.619921, 35.164388, 36.772461, 0.000000, 0.000000
INFO:root:16, 1.912962, 1.578725, 36.772365, 38.285846, 0.000000, 0.000000
INFO:root:17, 1.857457, 1.541954, 38.201678, 39.631076, 0.000000, 0.000000
INFO:root:18, 1.806947, 1.530232, 39.480537, 40.686678, 0.000000, 0.000000
INFO:root:19, 1.761670, 1.501566, 40.631510, 41.777344, 0.000000, 0.000000
INFO:root:20, 1.720598, 1.473034, 41.672867, 42.764137, 0.000000, 0.000000
INFO:root:21, 1.683275, 1.460237, 42.619555, 43.386009, 0.000000, 0.000000
INFO:root:22, 1.649468, 1.438440, 43.486753, 44.208560, 0.000000, 0.000000
INFO:root:23, 1.617482, 1.416630, 44.278971, 44.970703, 0.000000, 0.000000
INFO:root:24, 1.587903, 1.397973, 45.010417, 45.679688, 0.000000, 0.000000
INFO:root:25, 1.560304, 1.391053, 45.693109, 46.296575, 0.000000, 0.000000
INFO:root:26, 1.534310, 1.374399, 46.345899, 46.882234, 0.000000, 0.000000
INFO:root:27, 1.510171, 1.384423, 46.955716, 47.246094, 0.000000, 0.000000
INFO:root:28, 1.487278, 1.369789, 47.668437, 47.924300, 0.000000, 0.000000
INFO:root:29, 1.465334, 1.357074, 48.243118, 48.502604, 0.000000, 0.000000
INFO:root:30, 1.443784, 1.345116, 48.898630, 48.979335, 0.000000, 0.000000
INFO:root:31, 1.423551, 1.333814, 49.623617, 49.578857, 0.000000, 0.000000
INFO:root:0, 8.028012, 3.322327, 0.260417, 0.000000, 0.000000, 0.000000
INFO:root:1, 5.510150, 3.036889, 0.130208, 0.000000, 0.000000, 0.000000
INFO:root:2, 4.526228, 2.843888, 0.086806, 0.000000, 0.000000, 0.000000
INFO:root:3, 3.974729, 2.680566, 0.065104, 0.000000, 0.000000, 0.000000
INFO:root:4, 3.594744, 2.524848, 1.302083, 2.500000, 0.000000, 0.000000
INFO:root:5, 3.289528, 2.374511, 3.862847, 6.250000, 0.000000, 0.000000
INFO:root:6, 3.035275, 2.237640, 7.496280, 10.714286, 0.000000, 0.000000
INFO:root:7, 2.820321, 2.114695, 11.767578, 15.625000, 0.000000, 0.000000
INFO:root:8, 2.634984, 2.002582, 16.587095, 20.833333, 0.000000, 0.000000
INFO:root:9, 2.474191, 1.911401, 21.178385, 24.980469, 0.000000, 0.000000
INFO:root:10, 2.338400, 1.830347, 24.934896, 28.373580, 0.000000, 0.000000
INFO:root:11, 2.222443, 1.756800, 28.065321, 31.217448, 0.000000, 0.000000
INFO:root:12, 2.123276, 1.698199, 30.714143, 33.623798, 0.000000, 0.000000
INFO:root:13, 2.037689, 1.644059, 32.984561, 35.686384, 0.000000, 0.000000
INFO:root:14, 1.963244, 1.596732, 34.952257, 37.473958, 0.000000, 0.000000
INFO:root:15, 1.896998, 1.555970, 36.673991, 39.038086, 0.000000, 0.000000
INFO:root:16, 1.838746, 1.519987, 38.193168, 40.418199, 0.000000, 0.000000
INFO:root:17, 1.786332, 1.487478, 39.543547, 41.644965, 0.000000, 0.000000
INFO:root:18, 1.739369, 1.458144, 40.751782, 42.742599, 0.000000, 0.000000
INFO:root:19, 1.697537, 1.432228, 41.839193, 43.730469, 0.000000, 0.000000
INFO:root:20, 1.659736, 1.407914, 42.823041, 44.624256, 0.000000, 0.000000
INFO:root:21, 1.625236, 1.386291, 43.717448, 45.436790, 0.000000, 0.000000
INFO:root:22, 1.592922, 1.366303, 44.534081, 46.178668, 0.000000, 0.000000
INFO:root:23, 1.563268, 1.347983, 45.282661, 46.858724, 0.000000, 0.000000
INFO:root:24, 1.536208, 1.330971, 45.973958, 47.484375, 0.000000, 0.000000
INFO:root:25, 1.511048, 1.315525, 46.609575, 48.061899, 0.000000, 0.000000
INFO:root:26, 1.487347, 1.300705, 47.198110, 48.596644, 0.000000, 0.000000
INFO:root:27, 1.465260, 1.287460, 47.744606, 49.093192, 0.000000, 0.000000
INFO:root:28, 1.444251, 1.276563, 48.348663, 49.695582, 0.000000, 0.000000
INFO:root:29, 1.425007, 1.264528, 49.007316, 50.128906, 0.000000, 0.000000
INFO:root:30, 1.406538, 1.253063, 49.546071, 50.682964, 0.000000, 0.000000
INFO:root:31, 1.389404, 1.242898, 50.158982, 51.138916, 0.000000, 0.000000
INFO:root:32, 1.373063, 1.231887, 50.640614, 51.599195, 0.000000, 0.000000
INFO:root:33, 1.357089, 1.222214, 51.187194, 52.062270, 0.000000, 0.000000
INFO:root:34, 1.343078, 1.218362, 51.692974, 52.396205, 0.000000, 0.000000
INFO:root:35, 1.329484, 1.211810, 52.161872, 52.687717, 0.000000, 0.000000
INFO:root:36, 1.316014, 1.202879, 52.643380, 53.089105, 0.000000, 0.000000
INFO:root:37, 1.303367, 1.194537, 53.096119, 53.505345, 0.000000, 0.000000
INFO:root:38, 1.291089, 1.189707, 53.589553, 53.891226, 0.000000, 0.000000
INFO:root:39, 1.279496, 1.182110, 54.021112, 54.165039, 0.000000, 0.000000
INFO:root:0, 11.340816, 8.910872, 0.585938, 0.000000, 0.000000, 0.000000
INFO:root:1, 7.967986, 6.213146, 0.292969, 0.000000, 0.000000, 0.000000
INFO:root:2, 6.383427, 5.022003, 0.195312, 0.000000, 0.000000, 0.000000
INFO:root:3, 5.461672, 4.422465, 0.146484, 0.000000, 0.000000, 0.000000
INFO:root:4, 4.880752, 4.030904, 0.117188, 0.000000, 0.000000, 0.000000
INFO:root:5, 4.480364, 3.758996, 0.097656, 0.000000, 0.000000, 0.000000
INFO:root:6, 4.181351, 3.551601, 0.083705, 0.000000, 0.000000, 0.000000
INFO:root:7, 3.942640, 3.380150, 0.073242, 0.000000, 0.000000, 0.000000
INFO:root:8, 3.743580, 3.236723, 0.065104, 0.000000, 0.000000, 0.000000
INFO:root:9, 3.572841, 3.108207, 1.256510, 1.220238, 0.000000, 0.000000
INFO:root:10, 3.421189, 2.996670, 2.278646, 2.245671, 0.000000, 0.000000
INFO:root:11, 3.284010, 2.889790, 3.130425, 3.100198, 0.000000, 0.000000
INFO:root:12, 3.158905, 2.788389, 4.286859, 5.746337, 0.000000, 0.000000
INFO:root:13, 3.043626, 2.694777, 6.659226, 8.014456, 0.000000, 0.000000
INFO:root:14, 2.937269, 2.607346, 8.829238, 10.793651, 0.000000, 0.000000
INFO:root:15, 2.838052, 2.525524, 11.402411, 13.244048, 0.000000, 0.000000
INFO:root:16, 2.745766, 2.455923, 13.672857, 15.108543, 0.000000, 0.000000
INFO:root:17, 2.659221, 2.382842, 15.691032, 17.063492, 0.000000, 0.000000
INFO:root:18, 2.578137, 2.316609, 17.979908, 19.125940, 0.000000, 0.000000
INFO:root:19, 2.501690, 2.251856, 20.205913, 21.294643, 0.000000, 0.000000
INFO:root:20, 2.430181, 2.237870, 22.219917, 22.321429, 0.000000, 0.000000
INFO:root:21, 2.363456, 2.182288, 24.050830, 24.053030, 0.000000, 0.000000
INFO:root:22, 2.301705, 2.130347, 25.722533, 25.646998, 0.000000, 0.000000
INFO:root:23, 2.244159, 2.082387, 27.254927, 27.182540, 0.000000, 0.000000
INFO:root:24, 2.190898, 2.038200, 28.673277, 28.595238, 0.000000, 0.000000
INFO:root:25, 2.141432, 1.995678, 29.976809, 29.899267, 0.000000, 0.000000
INFO:root:26, 2.095712, 1.956033, 31.217850, 31.106702, 0.000000, 0.000000
INFO:root:27, 2.052750, 1.920563, 32.392006, 32.238520, 0.000000, 0.000000
INFO:root:28, 2.012616, 1.908721, 33.573027, 33.230706, 0.000000, 0.000000
INFO:root:29, 1.974891, 1.876584, 34.637531, 34.206349, 0.000000, 0.000000
INFO:root:30, 1.939663, 1.857833, 35.610094, 35.224654, 0.000000, 0.000000
INFO:root:31, 1.906016, 1.922609, 36.604244, 35.444568, 0.000000, 0.000000
INFO:root:32, 1.874219, 1.903261, 37.534348, 36.210317, 0.000000, 0.000000
INFO:root:33, 1.843659, 1.875431, 38.429821, 37.106092, 0.000000, 0.000000
INFO:root:34, 1.814534, 1.849757, 39.282900, 37.857143, 0.000000, 0.000000
INFO:root:35, 1.786966, 1.825691, 40.090116, 38.715278, 0.000000, 0.000000
INFO:root:36, 1.760848, 1.804768, 40.854602, 39.374196, 0.000000, 0.000000
INFO:root:37, 1.735654, 1.781889, 41.577006, 40.068922, 0.000000, 0.000000
INFO:root:38, 1.711455, 1.761229, 42.268570, 40.735653, 0.000000, 0.000000
INFO:root:39, 1.688269, 1.741605, 42.951681, 41.324405, 0.000000, 0.000000
INFO:root:0, 11.326596, 10.674095, 2.864583, 0.000000, 0.000000, 0.000000
INFO:root:1, 7.832765, 6.977036, 1.432292, 0.000000, 0.000000, 0.000000
INFO:root:2, 6.238391, 5.561176, 0.954861, 0.000000, 0.000000, 0.000000
INFO:root:3, 5.375232, 4.840524, 0.716146, 0.000000, 0.000000, 0.000000
INFO:root:4, 4.816921, 4.371760, 0.572917, 0.000000, 0.000000, 0.000000
INFO:root:5, 4.429065, 4.045304, 0.477431, 0.000000, 0.000000, 0.000000
INFO:root:6, 4.137932, 3.799451, 0.409226, 0.000000, 0.000000, 0.000000
INFO:root:7, 3.908541, 3.600713, 0.358073, 0.000000, 0.000000, 0.000000
INFO:root:8, 3.716078, 3.431668, 0.318287, 0.000000, 0.000000, 0.000000
INFO:root:9, 3.546475, 3.284203, 1.536458, 2.023810, 0.000000, 0.000000
INFO:root:10, 3.393787, 3.149549, 3.669508, 4.058442, 0.000000, 0.000000
INFO:root:11, 3.253957, 3.023070, 5.441623, 6.026786, 0.000000, 0.000000
INFO:root:12, 3.124857, 2.904337, 7.587139, 8.447802, 0.000000, 0.000000
INFO:root:13, 3.004744, 2.794779, 10.006129, 11.415816, 0.000000, 0.000000
INFO:root:14, 2.893292, 2.692337, 12.672387, 13.988095, 0.000000, 0.000000
INFO:root:15, 2.789664, 2.597653, 15.005363, 16.238839, 0.000000, 0.000000
INFO:root:16, 2.693748, 2.510383, 17.063871, 18.837535, 0.000000, 0.000000
INFO:root:17, 2.605135, 2.429257, 19.356619, 21.263228, 0.000000, 0.000000
INFO:root:18, 2.522928, 2.354102, 21.627323, 23.433584, 0.000000, 0.000000
INFO:root:19, 2.447042, 2.285257, 23.670957, 25.386905, 0.000000, 0.000000
INFO:root:20, 2.376852, 2.221819, 25.516859, 27.154195, 0.000000, 0.000000
INFO:root:21, 2.312109, 2.163817, 27.197911, 28.760823, 0.000000, 0.000000
INFO:root:22, 2.252375, 2.111129, 28.732784, 30.227743, 0.000000, 0.000000
INFO:root:23, 2.196970, 2.063823, 30.139751, 31.560020, 0.000000, 0.000000
INFO:root:24, 2.145667, 2.025285, 31.434161, 32.642857, 0.000000, 0.000000
INFO:root:25, 2.098440, 1.989315, 32.629001, 33.642399, 0.000000, 0.000000
INFO:root:26, 2.054435, 1.963031, 33.735335, 34.457672, 0.000000, 0.000000
INFO:root:27, 2.013358, 1.940509, 34.762644, 35.108418, 0.000000, 0.000000
INFO:root:28, 1.975248, 1.904836, 35.719105, 36.052956, 0.000000, 0.000000
INFO:root:29, 1.939355, 1.871612, 36.611801, 36.934524, 0.000000, 0.000000
INFO:root:30, 1.905840, 1.840719, 37.473291, 37.922427, 0.000000, 0.000000
INFO:root:31, 1.874173, 1.812058, 38.261479, 38.941592, 0.000000, 0.000000
INFO:root:0, 12.078716, 11.962069, 1.611328, 0.000000, 0.000000, 0.000000
INFO:root:1, 9.880769, 8.311731, 0.805664, 0.000000, 0.000000, 0.000000
INFO:root:2, 7.835285, 6.633801, 0.537109, 0.000000, 0.000000, 0.000000
INFO:root:3, 6.646787, 5.660987, 0.402832, 0.000000, 0.000000, 0.000000
INFO:root:4, 5.852815, 5.069748, 0.322266, 0.000000, 0.000000, 0.000000
INFO:root:5, 5.307469, 4.643284, 0.268555, 0.000000, 0.000000, 0.000000
INFO:root:6, 4.896711, 4.332391, 0.230190, 0.000000, 0.000000, 0.000000
INFO:root:7, 4.581144, 4.086138, 0.201416, 0.000000, 0.000000, 0.000000
INFO:root:8, 4.323653, 3.884247, 0.179036, 0.000000, 0.000000, 0.000000
INFO:root:9, 4.109250, 3.710484, 0.161133, 0.000000, 0.000000, 0.000000
INFO:root:10, 3.923019, 3.557950, 0.146484, 0.000000, 0.000000, 0.000000
INFO:root:11, 3.758169, 3.421858, 0.401371, 1.041667, 0.000000, 0.000000
INFO:root:12, 3.610582, 3.297756, 1.332035, 1.923077, 0.000000, 0.000000
INFO:root:13, 3.475888, 3.183880, 2.129747, 2.678571, 0.000000, 0.000000
INFO:root:14, 3.351419, 3.078180, 3.237764, 4.166667, 0.000000, 0.000000
INFO:root:15, 3.236725, 2.979650, 4.597904, 5.468750, 0.000000, 0.000000
INFO:root:16, 3.130602, 2.887004, 5.873442, 7.563025, 0.000000, 0.000000
INFO:root:17, 3.031850, 2.800317, 8.284227, 9.920635, 0.000000, 0.000000
INFO:root:18, 2.938754, 2.719230, 10.479794, 12.030075, 0.000000, 0.000000
INFO:root:19, 2.852359, 2.643649, 12.455804, 13.928571, 0.000000, 0.000000
INFO:root:20, 2.771529, 2.572408, 14.541242, 16.241497, 0.000000, 0.000000
INFO:root:21, 2.695583, 2.505336, 16.721186, 18.344156, 0.000000, 0.000000
INFO:root:22, 2.624630, 2.443118, 18.711569, 20.263975, 0.000000, 0.000000
INFO:root:23, 2.558229, 2.384981, 20.536087, 22.023810, 0.000000, 0.000000
INFO:root:24, 2.496246, 2.330600, 22.214643, 23.642857, 0.000000, 0.000000
INFO:root:25, 2.438278, 2.279510, 23.764080, 25.137363, 0.000000, 0.000000
INFO:root:26, 2.383783, 2.231496, 25.196935, 26.521164, 0.000000, 0.000000
INFO:root:27, 2.333047, 2.186480, 26.529188, 27.806122, 0.000000, 0.000000
INFO:root:28, 2.285114, 2.144304, 27.769561, 29.002463, 0.000000, 0.000000
INFO:root:29, 2.240255, 2.105112, 28.927242, 30.119048, 0.000000, 0.000000
INFO:root:30, 2.198197, 2.072253, 30.010234, 31.163594, 0.000000, 0.000000
INFO:root:31, 2.158156, 2.064250, 31.025539, 31.752232, 0.000000, 0.000000
INFO:root:0, 5.748362, 2.835649, 0.142045, 0.000000, 0.000000, 0.000000
INFO:root:1, 4.116201, 2.539453, 0.071023, 0.000000, 0.000000, 0.000000
INFO:root:2, 3.413318, 2.300774, 1.941288, 4.166667, 0.000000, 0.000000
INFO:root:3, 2.945533, 2.063101, 7.723722, 12.500000, 0.000000, 0.000000
INFO:root:4, 2.600231, 1.872111, 16.832386, 22.500000, 0.000000, 0.000000
INFO:root:5, 2.340238, 1.727339, 24.443655, 29.166667, 0.000000, 0.000000
INFO:root:6, 2.144117, 1.618388, 29.880276, 33.928571, 0.000000, 0.000000
INFO:root:7, 1.992966, 1.536882, 33.957741, 37.500000, 0.000000, 0.000000
INFO:root:8, 1.876292, 1.469310, 37.129104, 40.277778, 0.000000, 0.000000
INFO:root:9, 1.781372, 1.414288, 39.666193, 42.500000, 0.000000, 0.000000
INFO:root:10, 1.703682, 1.369127, 41.741994, 44.318182, 0.000000, 0.000000
INFO:root:11, 1.638487, 1.331821, 43.471828, 45.833333, 0.000000, 0.000000
INFO:root:12, 1.583117, 1.298658, 44.935533, 47.115385, 0.000000, 0.000000
INFO:root:13, 1.535291, 1.271512, 46.190138, 48.214286, 0.000000, 0.000000
INFO:root:14, 1.493394, 1.247005, 47.277462, 49.166667, 0.000000, 0.000000
INFO:root:15, 1.456694, 1.225617, 48.228871, 50.000000, 0.000000, 0.000000
INFO:root:16, 1.424773, 1.206482, 49.068349, 50.735294, 0.000000, 0.000000
INFO:root:17, 1.396510, 1.190648, 49.814552, 51.388889, 0.000000, 0.000000
INFO:root:18, 1.370453, 1.175749, 50.478469, 51.973684, 0.000000, 0.000000
INFO:root:19, 1.346917, 1.162303, 51.079545, 52.500000, 0.000000, 0.000000
INFO:root:20, 1.325656, 1.150059, 51.623377, 52.976190, 0.000000, 0.000000
INFO:root:21, 1.306181, 1.138686, 52.117769, 53.409091, 0.000000, 0.000000
INFO:root:22, 1.288515, 1.128296, 52.590344, 54.080616, 0.000000, 0.000000
INFO:root:23, 1.271483, 1.118465, 53.319044, 54.709201, 0.000000, 0.000000
INFO:root:24, 1.255522, 1.109307, 53.950081, 55.275000, 0.000000, 0.000000
INFO:root:25, 1.240328, 1.100349, 54.561454, 55.797276, 0.000000, 0.000000
INFO:root:26, 1.225813, 1.091684, 55.132801, 56.331019, 0.000000, 0.000000
INFO:root:27, 1.212300, 1.084130, 55.688703, 56.837798, 0.000000, 0.000000
INFO:root:28, 1.199640, 1.076389, 56.247901, 57.298851, 0.000000, 0.000000
INFO:root:29, 1.187463, 1.068585, 56.754261, 57.739583, 0.000000, 0.000000
INFO:root:30, 1.176035, 1.061620, 57.201770, 58.151882, 0.000000, 0.000000
INFO:root:31, 1.165111, 1.053517, 57.627968, 58.528646, 0.000000, 0.000000
INFO:root:0, 4.150445, 2.298887, 0.000000, 0.000000, 0.000000, 0.000000
INFO:root:1, 2.963766, 1.843032, 10.788690, 18.750000, 0.000000, 0.000000
INFO:root:2, 2.368263, 1.586139, 25.223214, 33.333333, 0.000000, 0.000000
INFO:root:3, 2.026506, 1.436903, 34.542411, 40.625000, 0.000000, 0.000000
INFO:root:4, 1.812599, 1.347515, 40.133929, 45.000000, 0.000000, 0.000000
INFO:root:5, 1.667582, 1.282490, 43.861607, 47.916667, 0.000000, 0.000000
INFO:root:6, 1.562396, 1.237226, 46.524235, 50.000000, 0.000000, 0.000000
INFO:root:7, 1.485038, 1.203104, 48.521205, 51.562500, 0.000000, 0.000000
INFO:root:8, 1.421962, 1.226721, 50.074405, 51.996528, 0.000000, 0.000000
INFO:root:9, 1.372932, 1.210725, 51.316964, 53.046875, 0.000000, 0.000000
INFO:root:10, 1.332395, 1.184698, 52.333604, 53.906250, 0.000000, 0.000000
INFO:root:11, 1.298359, 1.163475, 53.180804, 54.622396, 0.000000, 0.000000
INFO:root:12, 1.268875, 1.145691, 53.897665, 55.228365, 0.000000, 0.000000
INFO:root:13, 1.243292, 1.131261, 54.512117, 55.747768, 0.000000, 0.000000
INFO:root:14, 1.221088, 1.119050, 55.044643, 56.197917, 0.000000, 0.000000
INFO:root:15, 1.201937, 1.106649, 55.505952, 56.591797, 0.000000, 0.000000
INFO:root:16, 1.184692, 1.095422, 55.917367, 56.939338, 0.000000, 0.000000
INFO:root:17, 1.169667, 1.086528, 56.283069, 57.248264, 0.000000, 0.000000
INFO:root:18, 1.155783, 1.077687, 56.610276, 57.524671, 0.000000, 0.000000
INFO:root:19, 1.143316, 1.069930, 56.904762, 57.773438, 0.000000, 0.000000
INFO:root:20, 1.131436, 1.062134, 57.171202, 57.998512, 0.000000, 0.000000
INFO:root:21, 1.120445, 1.055138, 57.430330, 58.203125, 0.000000, 0.000000
INFO:root:22, 1.109867, 1.047416, 57.708980, 58.389946, 0.000000, 0.000000
INFO:root:23, 1.099814, 1.039676, 57.942708, 58.767361, 0.000000, 0.000000
INFO:root:24, 1.090121, 1.033539, 58.326105, 59.145833, 0.000000, 0.000000
INFO:root:25, 1.081241, 1.029066, 58.713533, 59.505208, 0.000000, 0.000000
INFO:root:26, 1.078182, 1.023701, 59.064390, 59.934414, 0.000000, 0.000000
INFO:root:27, 1.071464, 1.018429, 59.411823, 60.314360, 0.000000, 0.000000
INFO:root:28, 1.063910, 1.012070, 59.788808, 60.721983, 0.000000, 0.000000
INFO:root:29, 1.055803, 1.005702, 60.150581, 60.998264, 0.000000, 0.000000
INFO:root:30, 1.047991, 0.999379, 60.501358, 61.399530, 0.000000, 0.000000
INFO:root:31, 1.040200, 0.992943, 60.788358, 61.718750, 0.000000, 0.000000
INFO:root:0, 5.585116, 2.645205, 0.000000, 0.000000, 0.000000, 0.000000
INFO:root:1, 3.993166, 2.378718, 0.000000, 0.000000, 0.000000, 0.000000
INFO:root:2, 3.298925, 2.132689, 3.409091, 7.413194, 0.000000, 0.000000
INFO:root:3, 2.843400, 1.916326, 12.393466, 18.059896, 0.000000, 0.000000
INFO:root:4, 2.514795, 1.747882, 20.596591, 26.947917, 0.000000, 0.000000
INFO:root:5, 2.269768, 1.618432, 27.580492, 32.873264, 0.000000, 0.000000
INFO:root:6, 2.084718, 1.521861, 32.568994, 37.105655, 0.000000, 0.000000
INFO:root:7, 1.942927, 1.446186, 36.310369, 40.279948, 0.000000, 0.000000
INFO:root:8, 1.830704, 1.387903, 39.220328, 42.748843, 0.000000, 0.000000
INFO:root:9, 1.741459, 1.340262, 41.534091, 44.723958, 0.000000, 0.000000
INFO:root:10, 1.666916, 1.301111, 43.440083, 46.339962, 0.000000, 0.000000
INFO:root:11, 1.604641, 1.267457, 45.028409, 47.686632, 0.000000, 0.000000
INFO:root:12, 1.551864, 1.239229, 46.372378, 48.826122, 0.000000, 0.000000
INFO:root:13, 1.506310, 1.214567, 47.524351, 49.802827, 0.000000, 0.000000
INFO:root:14, 1.466686, 1.193747, 48.522727, 50.649306, 0.000000, 0.000000
INFO:root:15, 1.431589, 1.176508, 49.396307, 51.389974, 0.000000, 0.000000
INFO:root:16, 1.401027, 1.159823, 50.167112, 52.043505, 0.000000, 0.000000
INFO:root:17, 1.373557, 1.145437, 50.852273, 52.624421, 0.000000, 0.000000
INFO:root:18, 1.348535, 1.132186, 51.465311, 53.144189, 0.000000, 0.000000
INFO:root:19, 1.325949, 1.119590, 52.017045, 53.611979, 0.000000, 0.000000
INFO:root:20, 1.304993, 1.108488, 52.516234, 54.035218, 0.000000, 0.000000
INFO:root:21, 1.285663, 1.098040, 53.012932, 54.491004, 0.000000, 0.000000
INFO:root:22, 1.267918, 1.088033, 53.484966, 54.907156, 0.000000, 0.000000
INFO:root:23, 1.251202, 1.079172, 54.055482, 55.551215, 0.000000, 0.000000
INFO:root:24, 1.235671, 1.070935, 54.598620, 55.891667, 0.000000, 0.000000
INFO:root:25, 1.221322, 1.062809, 54.992664, 56.205929, 0.000000, 0.000000
INFO:root:26, 1.208140, 1.057045, 55.455598, 56.774691, 0.000000, 0.000000
INFO:root:27, 1.195832, 1.049999, 55.876768, 57.044271, 0.000000, 0.000000
INFO:root:28, 1.184187, 1.042978, 56.192272, 57.286279, 0.000000, 0.000000
INFO:root:29, 1.172765, 1.036228, 56.485390, 57.663194, 0.000000, 0.000000
INFO:root:30, 1.162121, 1.029909, 56.883641, 57.940188, 0.000000, 0.000000
INFO:root:31, 1.152034, 1.023840, 57.241782, 58.147786, 0.000000, 0.000000
INFO:root:32, 1.142850, 1.017774, 57.594512, 58.380682, 0.000000, 0.000000
INFO:root:33, 1.133879, 1.012500, 57.873675, 58.547794, 0.000000, 0.000000
INFO:root:34, 1.125459, 1.007582, 58.216605, 58.705357, 0.000000, 0.000000
INFO:root:35, 1.117391, 1.002553, 58.457905, 58.903356, 0.000000, 0.000000
INFO:root:36, 1.109779, 0.998034, 58.759653, 59.028716, 0.000154, 0.000000
INFO:root:37, 1.102673, 0.993709, 58.937650, 59.287281, 0.000150, 0.000000
INFO:root:38, 1.095605, 0.989491, 59.142160, 59.556624, 0.000146, 0.000000
INFO:root:39, 1.089111, 0.985538, 59.399858, 59.826823, 0.000284, 0.000000
INFO:root:40, 1.082857, 0.981806, 59.629395, 60.047002, 0.000277, 0.000000
INFO:root:41, 1.077064, 0.977992, 59.890036, 60.314980, 0.000271, 0.000000
INFO:root:42, 1.071400, 0.974662, 60.088059, 60.513566, 0.000264, 0.000000
INFO:root:43, 1.065993, 0.971475, 60.278464, 60.703125, 0.000258, 0.000000
INFO:root:44, 1.060687, 0.968293, 60.523764, 60.884259, 0.000379, 0.000000
INFO:root:45, 1.055364, 0.964983, 60.738769, 61.077899, 0.000618, 0.000000
INFO:root:46, 1.050169, 0.961792, 60.929729, 61.263298, 0.000604, 0.000000
INFO:root:47, 1.044960, 0.958362, 61.137463, 61.421441, 0.000592, 0.000000
INFO:root:48, 1.039953, 0.955350, 61.347900, 61.592262, 0.000580, 0.000000
INFO:root:49, 1.035121, 0.952272, 61.525974, 61.737500, 0.000568, 0.000000
INFO:root:50, 1.030377, 0.949332, 61.708007, 61.925041, 0.000557, 0.000000
INFO:root:51, 1.025869, 0.946563, 61.875624, 62.058293, 0.000546, 0.000000
INFO:root:52, 1.021453, 0.943682, 62.030025, 62.242531, 0.000750, 0.000000
INFO:root:53, 1.017176, 0.941011, 62.188477, 62.382330, 0.000737, 0.000000
INFO:root:54, 1.013058, 0.938413, 62.337662, 62.500000, 0.000826, 0.000000
INFO:root:55, 1.009081, 0.935740, 62.487499, 62.630208, 0.000812, 0.000000
INFO:root:56, 1.005140, 0.933272, 62.627449, 62.739401, 0.000897, 0.000000
INFO:root:57, 1.001381, 0.930867, 62.764149, 62.887033, 0.000882, 0.000000
INFO:root:58, 0.997689, 0.928676, 62.898622, 62.988171, 0.000867, 0.000000
INFO:root:59, 0.994154, 0.926412, 63.041126, 63.126736, 0.000947, 0.000000
INFO:root:60, 0.990698, 0.924342, 63.170475, 63.220628, 0.000931, 0.000000
INFO:root:61, 0.987448, 0.922348, 63.299906, 63.350974, 0.001100, 0.000000
INFO:root:62, 0.984241, 0.920373, 63.419591, 63.438327, 0.001082, 0.000000
INFO:root:63, 0.981099, 0.918522, 63.530464, 63.537598, 0.001154, 0.000000
ERROR:asyncio:Task was destroyed but it is pending!
task: <Task pending name='Task-2' coro=<Kernel.poll_control_queue() running at /Users/stashakkarainen/anaconda3/lib/python3.10/site-packages/ipykernel/kernelbase.py:284> wait_for=<Future pending cb=[Task.task_wakeup()]> cb=[_chain_future.<locals>._call_set_state() at /Users/stashakkarainen/anaconda3/lib/python3.10/asyncio/futures.py:392]>
INFO:root:0, 6.414806, 2.803922, 0.868056, 0.000000, 0.000000, 0.000000
INFO:root:1, 4.492753, 2.611839, 0.434028, 0.000000, 0.000000, 0.000000
INFO:root:2, 3.708389, 2.372517, 0.752315, 4.166667, 0.000000, 0.000000
INFO:root:3, 3.210084, 2.161524, 5.164931, 9.375000, 0.000000, 0.000000
INFO:root:4, 2.837324, 1.962808, 12.690972, 17.604167, 0.000000, 0.000000
INFO:root:5, 2.548680, 1.801595, 20.413773, 25.086806, 0.000000, 0.000000
INFO:root:6, 2.323835, 1.676410, 26.426091, 30.431548, 0.000000, 0.000000
INFO:root:7, 2.149972, 1.582265, 30.935330, 34.440104, 0.000000, 0.000000
INFO:root:8, 2.013088, 1.507777, 34.442515, 37.557870, 0.000000, 0.000000
INFO:root:9, 1.902930, 1.449108, 37.248264, 40.052083, 0.000000, 0.000000
INFO:root:10, 1.812114, 1.402552, 39.543876, 42.092803, 0.000000, 0.000000
INFO:root:11, 1.736554, 1.361824, 41.456887, 43.793403, 0.000000, 0.000000
INFO:root:12, 1.671634, 1.329652, 43.075588, 45.232372, 0.000000, 0.000000
INFO:root:13, 1.615393, 1.298429, 44.456845, 46.465774, 0.000000, 0.000000
INFO:root:14, 1.567769, 1.270887, 45.659722, 47.534722, 0.000000, 0.000000
INFO:root:15, 1.525468, 1.247689, 46.744792, 48.470052, 0.000000, 0.000000
INFO:root:16, 1.487416, 1.226652, 47.671569, 49.295343, 0.000000, 0.000000
INFO:root:17, 1.453712, 1.213546, 48.578318, 50.260417, 0.000000, 0.000000
INFO:root:18, 1.422023, 1.200913, 49.546784, 51.137610, 0.000000, 0.000000
INFO:root:19, 1.393935, 1.184386, 50.492188, 51.822917, 0.000000, 0.000000
INFO:root:20, 1.369594, 1.168653, 51.345073, 52.356151, 0.000000, 0.000000
INFO:root:21, 1.346473, 1.156120, 51.953914, 53.160511, 0.000000, 0.000000
INFO:root:22, 1.325872, 1.353180, 52.706069, 51.879529, 0.000000, 0.000000
INFO:root:23, 1.307991, 1.449402, 53.442564, 51.562500, 0.000000, 0.000000
INFO:root:24, 1.289572, 1.426345, 54.134028, 52.343750, 0.000000, 0.000000
INFO:root:25, 1.271881, 1.403211, 54.784322, 53.034856, 0.000000, 0.000000
INFO:root:26, 1.255263, 1.381507, 55.406379, 53.655478, 0.000000, 0.000000
INFO:root:27, 1.239933, 1.362888, 55.974082, 54.296875, 0.000000, 0.000000
INFO:root:28, 1.225245, 1.343959, 56.479286, 54.822198, 0.000000, 0.000000
INFO:root:29, 1.211006, 1.327177, 57.016782, 55.321181, 0.000000, 0.000000
INFO:root:30, 1.197677, 1.311356, 57.517921, 55.771169, 0.000000, 0.000000
INFO:root:31, 1.184958, 1.296424, 57.952474, 56.290690, 0.000000, 0.000000
INFO:root:32, 1.172909, 1.283216, 58.382786, 56.684028, 0.000000, 0.000000
INFO:root:33, 1.161488, 1.270210, 58.778595, 57.107843, 0.000000, 0.000000
INFO:root:34, 1.150833, 1.258194, 59.162698, 57.485119, 0.000000, 0.000000
INFO:root:35, 1.140292, 1.247269, 59.518229, 57.805266, 0.000000, 0.000000
INFO:root:36, 1.130770, 1.235478, 59.875657, 58.178491, 0.000000, 0.000000
INFO:root:0, 8.819893, 3.776890, 0.078125, 0.000000, 0.000000, 0.000000
INFO:root:1, 6.012482, 3.353961, 0.039062, 0.000000, 0.000000, 0.000000
INFO:root:2, 4.896353, 3.084422, 0.026042, 0.000000, 0.000000, 0.000000
INFO:root:3, 4.272270, 2.908118, 0.019531, 0.000000, 0.000000, 0.000000
INFO:root:0, 6.479788, 2.725848, 0.000000, 0.000000, 0.000000, 0.000000
INFO:root:1, 4.548439, 2.611266, 0.000000, 0.000000, 0.000000, 0.000000
INFO:root:2, 3.812952, 2.484861, 0.000000, 0.000000, 0.000000, 0.000000
INFO:root:3, 3.361647, 2.323291, 1.714410, 3.125000, 0.000000, 0.000000
INFO:root:4, 3.024181, 2.186491, 6.093750, 6.770833, 0.000000, 0.000000
INFO:root:5, 2.750530, 2.048908, 12.456597, 13.715278, 0.000000, 0.000000
INFO:root:6, 2.520956, 1.909741, 19.047619, 20.684524, 0.000000, 0.000000
INFO:root:7, 2.330667, 1.793279, 24.479167, 25.911458, 0.000000, 0.000000
INFO:root:8, 2.178046, 1.699350, 28.703704, 29.976852, 0.000000, 0.000000
INFO:root:9, 2.054437, 1.622016, 32.083333, 33.229167, 0.000000, 0.000000
INFO:root:10, 1.951600, 1.558059, 34.848485, 35.890152, 0.000000, 0.000000
INFO:root:11, 1.865379, 1.506356, 37.152778, 38.085938, 0.000000, 0.000000
INFO:root:12, 1.791387, 1.460461, 39.102564, 39.963942, 0.000000, 0.000000
INFO:root:13, 1.727908, 1.421575, 40.773810, 41.573661, 0.000000, 0.000000
INFO:root:14, 1.672861, 1.387637, 42.222222, 42.968750, 0.000000, 0.000000
INFO:root:15, 1.624828, 1.410248, 43.489583, 43.668620, 0.000000, 0.000000
INFO:root:16, 1.581904, 1.380238, 44.612949, 44.776348, 0.000000, 0.000000
INFO:root:17, 1.543592, 1.352921, 45.825617, 45.760995, 0.000000, 0.000000
INFO:root:18, 1.507975, 1.329065, 46.856725, 46.957237, 0.000000, 0.000000
INFO:root:19, 1.475592, 1.326647, 48.013889, 47.981771, 0.000000, 0.000000
INFO:root:20, 1.447612, 1.305160, 48.978175, 48.685516, 0.000000, 0.000000
INFO:root:21, 1.420142, 1.285325, 49.853220, 49.585701, 0.000000, 0.000000
INFO:root:22, 1.395058, 1.266293, 50.772947, 50.475543, 0.000000, 0.000000
INFO:root:23, 1.371952, 1.249573, 51.584201, 51.247830, 0.000000, 0.000000
INFO:root:24, 1.350295, 1.233547, 52.332639, 52.010417, 0.000000, 0.000000
INFO:root:25, 1.330185, 1.219198, 53.019498, 52.694311, 0.000000, 0.000000
INFO:root:26, 1.311038, 1.205183, 53.647762, 53.308256, 0.000000, 0.000000
INFO:root:27, 1.293442, 1.192254, 54.256572, 53.850446, 0.000000, 0.000000
INFO:root:28, 1.276947, 1.179989, 54.829981, 54.471983, 0.000000, 0.000000
INFO:root:29, 1.261343, 1.168613, 55.370949, 54.956597, 0.000000, 0.000000
INFO:root:30, 1.246471, 1.157760, 55.865255, 55.451949, 0.000000, 0.000000
INFO:root:31, 1.232642, 1.147783, 56.334635, 55.940755, 0.000000, 0.000000
INFO:root:0, 2.950970, 0.885608, 15.607491, 74.089930, 0.005437, 0.155500
INFO:root:1, 1.598343, 0.494146, 54.432898, 85.515229, 0.358469, 0.491000
INFO:root:2, 1.076599, 0.337172, 69.309831, 90.124425, 0.556375, 0.647833
INFO:root:3, 0.810664, 0.254627, 76.891390, 92.538880, 0.662297, 0.732563
ERROR:asyncio:Task was destroyed but it is pending!
task: <Task pending name='Task-2' coro=<Kernel.poll_control_queue() running at /Users/stashakkarainen/anaconda3/lib/python3.10/site-packages/ipykernel/kernelbase.py:284> wait_for=<Future pending cb=[Task.task_wakeup()]> cb=[_chain_future.<locals>._call_set_state() at /Users/stashakkarainen/anaconda3/lib/python3.10/asyncio/futures.py:392]>
ERROR:asyncio:Task was destroyed but it is pending!
task: <Task pending name='Task-2' coro=<Kernel.poll_control_queue() running at /Users/stashakkarainen/anaconda3/lib/python3.10/site-packages/ipykernel/kernelbase.py:284> wait_for=<Future pending cb=[Task.task_wakeup()]> cb=[_chain_future.<locals>._call_set_state() at /Users/stashakkarainen/anaconda3/lib/python3.10/asyncio/futures.py:392]>
INFO:root:0, 8.109499, 4.356197, 0.234375, 0.000000, 0.000000, 0.000000
INFO:root:1, 5.614435, 3.567808, 0.117188, 0.000000, 0.000000, 0.000000
INFO:root:2, 4.583525, 3.191791, 0.078125, 0.000000, 0.000000, 0.000000
INFO:root:3, 3.990332, 2.938009, 0.683594, 3.125000, 0.000000, 0.000000
INFO:root:0, 8.095442, 3.407864, 0.078125, 0.000000, 0.000000, 0.000000
INFO:root:1, 5.527795, 3.077642, 0.039062, 0.000000, 0.000000, 0.000000
INFO:root:2, 4.518454, 2.861775, 0.026042, 0.000000, 0.000000, 0.000000
INFO:root:3, 3.954807, 2.684809, 0.019531, 0.000000, 0.000000, 0.000000
INFO:root:0, 8.191061, 3.648196, 0.078125, 0.000000, 0.000000, 0.000000
INFO:root:1, 5.598089, 3.192070, 0.039062, 0.000000, 0.000000, 0.000000
INFO:root:2, 4.575292, 2.927714, 0.026042, 0.000000, 0.000000, 0.000000
INFO:root:3, 4.006246, 2.728641, 0.019531, 3.125000, 0.000000, 0.000000
INFO:root:4, 3.602376, 2.548464, 2.500000, 5.000000, 0.000000, 0.000000
INFO:root:5, 3.282669, 2.394704, 5.750000, 9.505208, 0.000000, 0.000000
INFO:root:6, 3.023633, 2.258436, 10.285714, 15.290179, 0.000000, 0.000000
INFO:root:7, 2.808633, 2.134084, 15.201172, 19.628906, 0.000000, 0.000000
INFO:root:8, 2.624680, 2.018260, 19.892361, 24.392361, 0.000000, 0.000000
INFO:root:9, 2.469327, 1.920748, 24.153125, 28.203125, 0.000000, 0.000000
INFO:root:10, 2.336432, 1.837769, 27.639205, 31.321023, 0.000000, 0.000000
INFO:root:11, 2.223331, 1.765189, 30.544271, 33.919271, 0.000000, 0.000000
INFO:root:12, 2.125655, 1.702775, 33.002404, 36.117788, 0.000000, 0.000000
INFO:root:13, 2.040850, 1.649590, 35.109375, 38.002232, 0.000000, 0.000000
INFO:root:14, 1.965228, 1.602602, 36.935417, 39.635417, 0.000000, 0.000000
INFO:root:15, 1.899333, 1.563428, 38.533203, 41.052246, 0.000000, 0.000000
INFO:root:0, 5.869086, 2.918944, 0.434028, 0.000000, 0.000000, 0.000000
INFO:root:1, 4.220002, 2.636067, 0.217014, 0.000000, 0.000000, 0.000000
INFO:root:2, 3.544833, 2.433419, 0.607639, 4.166667, 0.000000, 0.000000
INFO:root:3, 3.118199, 2.272589, 5.989583, 10.221354, 0.000000, 0.000000
INFO:root:4, 2.791982, 2.088041, 13.211806, 18.125000, 0.000000, 0.000000
INFO:root:5, 2.534895, 1.962404, 19.343171, 23.437500, 0.000000, 0.000000
INFO:root:6, 2.328067, 1.826178, 25.024802, 29.017857, 0.000000, 0.000000
INFO:root:7, 2.160504, 1.718883, 29.709201, 33.203125, 0.000000, 0.000000
INFO:root:8, 2.025841, 1.632763, 33.352623, 36.458333, 0.000000, 0.000000
INFO:root:9, 1.916709, 1.597371, 36.267361, 38.750000, 0.000000, 0.000000
INFO:root:10, 1.828305, 1.540886, 38.652146, 40.909091, 0.000000, 0.000000
INFO:root:11, 1.754557, 1.492504, 40.610532, 42.686632, 0.000000, 0.000000
INFO:root:12, 1.690464, 1.450237, 42.294338, 44.210737, 0.000000, 0.000000
INFO:root:13, 1.636232, 1.417147, 43.737599, 45.517113, 0.000000, 0.000000
INFO:root:14, 1.588657, 1.385736, 44.988426, 46.649306, 0.000000, 0.000000
INFO:root:15, 1.545781, 1.357399, 46.082899, 47.639974, 0.000000, 0.000000
INFO:root:16, 1.507512, 1.331281, 47.048611, 48.514093, 0.000000, 0.000000
INFO:root:17, 1.473694, 1.307945, 47.907022, 49.291088, 0.000000, 0.000000
INFO:root:18, 1.443385, 1.287913, 48.675073, 49.986294, 0.000000, 0.000000
INFO:root:19, 1.416430, 1.269030, 49.366319, 50.611979, 0.000000, 0.000000
INFO:root:20, 1.391286, 1.252237, 49.991733, 51.178075, 0.000000, 0.000000
INFO:root:21, 1.368803, 1.236594, 50.560290, 51.692708, 0.000000, 0.000000
INFO:root:22, 1.347954, 1.222551, 51.181310, 52.162591, 0.000000, 0.000000
INFO:root:23, 1.328857, 1.209451, 51.652922, 52.593316, 0.000000, 0.000000
INFO:root:24, 1.311174, 1.198000, 52.086806, 52.989583, 0.000000, 0.000000
INFO:root:25, 1.294840, 1.251213, 52.487313, 52.764423, 0.000000, 0.000000
INFO:root:26, 1.279848, 1.242017, 52.912809, 53.057485, 0.000000, 0.000000
INFO:root:27, 1.265968, 1.230969, 53.296131, 53.469122, 0.000000, 0.000000
INFO:root:28, 1.252864, 1.316537, 53.805675, 53.187859, 0.000000, 0.000000
INFO:root:29, 1.240601, 1.309664, 54.234375, 53.524306, 0.000000, 0.000000
INFO:root:30, 1.228772, 1.295703, 54.678539, 54.099462, 0.000000, 0.000000
INFO:root:31, 1.217609, 1.285910, 55.087348, 54.541016, 0.000000, 0.000000
INFO:root:0, 6.039644, 2.664402, 1.909722, 0.000000, 0.000000, 0.000000
INFO:root:0, 4.408843, 2.327672, 0.000000, 0.000000, 0.000000, 0.000000
INFO:root:1, 3.215138, 1.974833, 5.055147, 18.593750, 0.000000, 0.000000
INFO:root:2, 2.599310, 1.692668, 17.769608, 29.062500, 0.000000, 0.000000
INFO:root:3, 2.217245, 1.506720, 28.492647, 37.421875, 0.000000, 0.000000
INFO:root:4, 1.967542, 1.390071, 35.294118, 42.437500, 0.000000, 0.000000
INFO:root:5, 1.796410, 1.315942, 39.828431, 45.781250, 0.000000, 0.000000
INFO:root:6, 1.672294, 1.257770, 43.067227, 48.169643, 0.000000, 0.000000
INFO:root:7, 1.578976, 1.213000, 45.496324, 49.960938, 0.000000, 0.000000
INFO:root:8, 1.505055, 1.182852, 47.385621, 51.354167, 0.000000, 0.000000
INFO:root:9, 1.446858, 1.152617, 48.897059, 52.468750, 0.000000, 0.000000
INFO:root:10, 1.397384, 1.132409, 50.133690, 53.380682, 0.000000, 0.000000
INFO:root:11, 1.356536, 1.112078, 51.334252, 54.947917, 0.000000, 0.000000
INFO:root:12, 1.321077, 1.094153, 52.546663, 55.841346, 0.000000, 0.000000
INFO:root:13, 1.289971, 1.080582, 53.750000, 56.674107, 0.000000, 0.000000
INFO:root:14, 1.264233, 1.179896, 54.835784, 56.458333, 0.000000, 0.000000
INFO:root:15, 1.240371, 1.166143, 55.692785, 57.109375, 0.000000, 0.000000
INFO:root:16, 1.218669, 1.150238, 56.508434, 57.720588, 0.000000, 0.000000
INFO:root:17, 1.198449, 1.132945, 57.276348, 58.524306, 0.000000, 0.000000
INFO:root:18, 1.180160, 1.118082, 57.857005, 59.243421, 0.000000, 0.000000
INFO:root:19, 1.163265, 1.104785, 58.434743, 59.656250, 0.000000, 0.000000
INFO:root:20, 1.147610, 1.091276, 58.992472, 60.252976, 0.000000, 0.000000
INFO:root:21, 1.133428, 1.080492, 59.492814, 60.582386, 0.000000, 0.000000
INFO:root:22, 1.120686, 1.069294, 60.005595, 61.141304, 0.000000, 0.000000
INFO:root:23, 1.108781, 1.064536, 60.484835, 61.406250, 0.000000, 0.000000
INFO:root:24, 1.097629, 1.055028, 60.913971, 61.900000, 0.000000, 0.000000
INFO:root:25, 1.086874, 1.046788, 61.311510, 62.199519, 0.000000, 0.000000
INFO:root:26, 1.077127, 1.039099, 61.665986, 62.418981, 0.000000, 0.000000
INFO:root:27, 1.067968, 1.031600, 61.980699, 62.779018, 0.000000, 0.000000
INFO:root:28, 1.059393, 1.024041, 62.300963, 63.157328, 0.000000, 0.000000
INFO:root:29, 1.051259, 1.018139, 62.564951, 63.322917, 0.000000, 0.000000
INFO:root:30, 1.043765, 1.011927, 62.829103, 63.679435, 0.000000, 0.000000
INFO:root:31, 1.036773, 1.006191, 63.068704, 63.994141, 0.000000, 0.000000
ERROR:asyncio:Task was destroyed but it is pending!
task: <Task pending name='Task-1' coro=<Kernel.poll_control_queue() running at /Users/stashakkarainen/anaconda3/lib/python3.10/site-packages/ipykernel/kernelbase.py:284> wait_for=<Future pending cb=[Task.task_wakeup()]> cb=[_chain_future.<locals>._call_set_state() at /Users/stashakkarainen/anaconda3/lib/python3.10/asyncio/futures.py:392]>
INFO:root:0, 4.707836, 2.575451, 0.000000, 0.000000, 0.000000, 0.000000
INFO:root:1, 3.442730, 2.249345, 1.838235, 6.250000, 0.000000, 0.000000
INFO:root:2, 2.794887, 2.041238, 12.193627, 20.729167, 0.000000, 0.000000
INFO:root:3, 2.380623, 1.793696, 23.598346, 31.171875, 0.000000, 0.000000
INFO:root:4, 2.103957, 1.634544, 31.378676, 37.437500, 0.000000, 0.000000
INFO:root:5, 1.913336, 1.521945, 36.565564, 41.614583, 0.000000, 0.000000
INFO:root:6, 1.774836, 1.445349, 40.270483, 44.598214, 0.000000, 0.000000
INFO:root:7, 1.668994, 1.380907, 43.049173, 46.835938, 0.000000, 0.000000
INFO:root:8, 1.586276, 1.362178, 45.210376, 48.402778, 0.000000, 0.000000
INFO:root:9, 1.519814, 1.714363, 46.930147, 47.593750, 0.000000, 0.000000
INFO:root:10, 1.464121, 1.643123, 48.345588, 48.948864, 0.000000, 0.000000
INFO:root:11, 1.418032, 1.582774, 49.814645, 50.651042, 0.000000, 0.000000
INFO:root:12, 1.377886, 1.530996, 51.337670, 51.995192, 0.000000, 0.000000
INFO:root:13, 1.343397, 1.486499, 52.645746, 53.147321, 0.000000, 0.000000
INFO:root:14, 1.312789, 1.446254, 53.769608, 54.145833, 0.000000, 0.000000
INFO:root:15, 1.285863, 1.411619, 54.782858, 55.019531, 0.000000, 0.000000
INFO:root:0, 6.449089, 2.730263, 0.086806, 0.000000, 0.000000, 0.000000
INFO:root:1, 4.538461, 2.562415, 0.043403, 0.000000, 0.000000, 0.000000
INFO:root:2, 3.774011, 2.385691, 0.954861, 4.166667, 0.000000, 0.000000
INFO:root:3, 3.294784, 2.196190, 4.318576, 9.375000, 0.000000, 0.000000
INFO:root:4, 2.933618, 2.023305, 10.364583, 17.083333, 0.000000, 0.000000
INFO:root:5, 2.652369, 1.875597, 16.608796, 22.569444, 0.000000, 0.000000
INFO:root:6, 2.430980, 1.756293, 22.916667, 28.273810, 0.000000, 0.000000
INFO:root:7, 2.252788, 1.657575, 27.864583, 32.552083, 0.000000, 0.000000
INFO:root:8, 2.109306, 1.580575, 31.712963, 35.879630, 0.000000, 0.000000
INFO:root:9, 1.993194, 1.517472, 34.791667, 38.541667, 0.000000, 0.000000
INFO:root:10, 1.896749, 1.465398, 37.302715, 40.719697, 0.000000, 0.000000
INFO:root:11, 1.815963, 1.420013, 39.402488, 42.534722, 0.000000, 0.000000
INFO:root:12, 1.747370, 1.381744, 41.179220, 44.070513, 0.000000, 0.000000
INFO:root:13, 1.687729, 1.350266, 42.702133, 45.386905, 0.000000, 0.000000
INFO:root:14, 1.637082, 1.323035, 44.021991, 46.510417, 0.000000, 0.000000
INFO:root:15, 1.592134, 1.547401, 45.176866, 45.247396, 0.000000, 0.000000
INFO:root:16, 1.552859, 1.511659, 46.190768, 46.262255, 0.000000, 0.000000
INFO:root:17, 1.517314, 1.478082, 47.096836, 47.164352, 0.000000, 0.000000
INFO:root:18, 1.485587, 1.447183, 47.907529, 47.971491, 0.000000, 0.000000
INFO:root:19, 1.456304, 1.420939, 48.637153, 48.697917, 0.000000, 0.000000
INFO:root:20, 1.430532, 1.396905, 49.297288, 49.355159, 0.000000, 0.000000
INFO:root:21, 1.406488, 1.374019, 49.897412, 49.952652, 0.000000, 0.000000
INFO:root:22, 1.384731, 1.353890, 50.445350, 50.498188, 0.000000, 0.000000
INFO:root:23, 1.364558, 1.336548, 50.940394, 50.998264, 0.000000, 0.000000
INFO:root:24, 1.345671, 1.319053, 51.402778, 51.458333, 0.000000, 0.000000
INFO:root:25, 1.328729, 1.303530, 51.829594, 51.883013, 0.000000, 0.000000
INFO:root:26, 1.312573, 1.288376, 52.224794, 52.276235, 0.000000, 0.000000
INFO:root:27, 1.297831, 1.275127, 52.591766, 52.641369, 0.000000, 0.000000
INFO:root:28, 1.283785, 1.261775, 52.933429, 52.981322, 0.000000, 0.000000
INFO:root:29, 1.270586, 1.249889, 53.252315, 53.298611, 0.000000, 0.000000
INFO:root:30, 1.258236, 1.239410, 53.550627, 53.595430, 0.000000, 0.000000
INFO:root:31, 1.246856, 1.229261, 53.830295, 53.873698, 0.000000, 0.000000
INFO:root:32, 1.235820, 1.218998, 54.093013, 54.135101, 0.000000, 0.000000
INFO:root:33, 1.225339, 1.209896, 54.340278, 54.381127, 0.000000, 0.000000
INFO:root:34, 1.215557, 1.201323, 54.573413, 54.613095, 0.000000, 0.000000
INFO:root:35, 1.206274, 1.192906, 54.793596, 54.832176, 0.000000, 0.000000
INFO:root:36, 1.197297, 1.185519, 55.001877, 55.039414, 0.000000, 0.000000
INFO:root:37, 1.188826, 1.177802, 55.199196, 55.235746, 0.000000, 0.000000
INFO:root:38, 1.180657, 1.170396, 55.386396, 55.422009, 0.000000, 0.000000
INFO:root:39, 1.172715, 1.163745, 55.564236, 55.598958, 0.000000, 0.000000
INFO:root:40, 1.165142, 1.157090, 55.733401, 55.767276, 0.000000, 0.000000
INFO:root:41, 1.157724, 1.150409, 55.917245, 55.927579, 0.000000, 0.000000
INFO:root:42, 1.150699, 1.144493, 56.105055, 56.092539, 0.000000, 0.000000
INFO:root:43, 1.144076, 1.138658, 56.297743, 56.255919, 0.000000, 0.000000
INFO:root:44, 1.137546, 1.132965, 56.464506, 56.429398, 0.000000, 0.000000
INFO:root:45, 1.131310, 1.127253, 56.691954, 56.584013, 0.000000, 0.000000
INFO:root:46, 1.125341, 1.122358, 56.862072, 56.743129, 0.000000, 0.000000
INFO:root:47, 1.119606, 1.117137, 57.069589, 57.025825, 0.000000, 0.000434
INFO:root:48, 1.114065, 1.112097, 57.355442, 57.169430, 0.000000, 0.000425
INFO:root:49, 1.108604, 1.107706, 57.506944, 57.296875, 0.000000, 0.000417
INFO:root:50, 1.103415, 1.103488, 57.728077, 57.562296, 0.000000, 0.000408
INFO:root:51, 1.098333, 1.099355, 57.981771, 57.802484, 0.000000, 0.000401
INFO:root:52, 1.093606, 1.095406, 58.184945, 57.910770, 0.000000, 0.000393
INFO:root:53, 1.089158, 1.091388, 58.326260, 58.024691, 0.000000, 0.000386
INFO:root:54, 1.084650, 1.087022, 58.460543, 58.125000, 0.000000, 0.000379
INFO:root:55, 1.080142, 1.083597, 58.562128, 58.212426, 0.000000, 0.000372
INFO:root:56, 1.076130, 1.080133, 58.736903, 58.301352, 0.000000, 0.000365
INFO:root:57, 1.071957, 1.076100, 58.843091, 58.512931, 0.000000, 0.000359
INFO:root:58, 1.068078, 1.072264, 59.041019, 58.690855, 0.000000, 0.000353
INFO:root:59, 1.064094, 1.068694, 59.171875, 58.884549, 0.000000, 0.000347
INFO:root:60, 1.063985, 1.065586, 59.338286, 59.016393, 0.000000, 0.000342
INFO:root:61, 1.060861, 1.062362, 59.464326, 59.110383, 0.000000, 0.000336
INFO:root:62, 1.057490, 1.058820, 59.594632, 59.275794, 0.000110, 0.000331
INFO:root:63, 1.054063, 1.055313, 59.743924, 59.419759, 0.000109, 0.000326
INFO:root:0, 6.524642, 2.763452, 0.173611, 0.000000, 0.000000, 0.000000
INFO:root:1, 4.563435, 2.600210, 0.086806, 0.000000, 0.000000, 0.000000
INFO:root:2, 3.794159, 2.444517, 0.057870, 0.000000, 0.000000, 0.000000
INFO:root:3, 3.326319, 2.292365, 3.428819, 6.250000, 0.000000, 0.000000
INFO:root:4, 2.979932, 2.121464, 8.854167, 12.500000, 0.000000, 0.000000
INFO:root:5, 2.704464, 1.974679, 15.248843, 18.750000, 0.000000, 0.000000
INFO:root:6, 2.483087, 1.850215, 21.577381, 25.000000, 0.000000, 0.000000
INFO:root:7, 2.303125, 1.738392, 26.692708, 29.687500, 0.000000, 0.000000
INFO:root:8, 2.154669, 1.655979, 30.671296, 33.333333, 0.000000, 0.000000
INFO:root:9, 2.034268, 1.582343, 33.845486, 36.250000, 0.000000, 0.000000
INFO:root:10, 1.933943, 1.521174, 36.450442, 38.636364, 0.000000, 0.000000
INFO:root:11, 1.849218, 1.470218, 38.621238, 40.625000, 0.000000, 0.000000
INFO:root:12, 1.777386, 1.427334, 40.458066, 42.307692, 0.000000, 0.000000
INFO:root:13, 1.716034, 1.391396, 42.032490, 43.750000, 0.000000, 0.000000
INFO:root:14, 1.662311, 1.357840, 43.396991, 45.000000, 0.000000, 0.000000
INFO:root:15, 1.614826, 1.329014, 44.634332, 46.093750, 0.000000, 0.000000
INFO:root:16, 1.572769, 1.303641, 45.872141, 47.303922, 0.000000, 0.000000
INFO:root:17, 1.534922, 1.279582, 47.203897, 48.654514, 0.000000, 0.000000
INFO:root:18, 1.500410, 1.259378, 48.358004, 49.629934, 0.000000, 0.000000
INFO:root:19, 1.469260, 1.239735, 49.420139, 50.729167, 0.000000, 0.000000
INFO:root:20, 1.440291, 1.222562, 50.393519, 51.500496, 0.000000, 0.000000
INFO:root:21, 1.414169, 1.205923, 51.261048, 52.414773, 0.000000, 0.000000
INFO:root:22, 1.389659, 1.191961, 52.065972, 53.034420, 0.000000, 0.000000
INFO:root:23, 1.367293, 1.178209, 52.821904, 53.602431, 0.000000, 0.000000
INFO:root:24, 1.346416, 1.165573, 53.460417, 54.104167, 0.000000, 0.000000
INFO:root:25, 1.326831, 1.153273, 54.087206, 54.767628, 0.000000, 0.000000
INFO:root:26, 1.308894, 1.141571, 54.648277, 55.372299, 0.000000, 0.000000
INFO:root:27, 1.292211, 1.130601, 55.190972, 55.943080, 0.000000, 0.000000
INFO:root:28, 1.276237, 1.120749, 55.726772, 56.501437, 0.000000, 0.000000
INFO:root:29, 1.261645, 1.111261, 56.217014, 57.013889, 0.000000, 0.000000
INFO:root:30, 1.247493, 1.102510, 56.717070, 57.434476, 0.000000, 0.000000
INFO:root:31, 1.234051, 1.093875, 57.202691, 57.706706, 0.000000, 0.000000
INFO:root:0, 6.235475, 2.873495, 0.260417, 0.000000, 0.000000, 0.000000
INFO:root:1, 4.354531, 2.560760, 0.130208, 4.427083, 0.000000, 0.000000
INFO:root:2, 3.552484, 2.284695, 5.121528, 11.284722, 0.000000, 0.000000
INFO:root:3, 3.041155, 2.062490, 10.807292, 17.838542, 0.000000, 0.000000
INFO:root:4, 2.678225, 1.886531, 17.465278, 26.770833, 0.000000, 0.000000
INFO:root:5, 2.406967, 1.743699, 24.971065, 32.725694, 0.000000, 0.000000
INFO:root:6, 2.204028, 1.635759, 30.332341, 36.979167, 0.000000, 0.000000
INFO:root:7, 2.049197, 1.551056, 34.353299, 40.169271, 0.000000, 0.000000
INFO:root:8, 1.927816, 1.483456, 37.480710, 42.650463, 0.000000, 0.000000
INFO:root:9, 1.828745, 1.430037, 39.982639, 44.635417, 0.000000, 0.000000
INFO:root:10, 1.746327, 1.383312, 42.029672, 46.259470, 0.000000, 0.000000
INFO:root:11, 1.677309, 1.346465, 43.735532, 47.612847, 0.000000, 0.000000
INFO:root:12, 1.619115, 1.312783, 45.178953, 48.758013, 0.000000, 0.000000
INFO:root:13, 1.568456, 1.285129, 46.416171, 49.739583, 0.000000, 0.000000
INFO:root:14, 1.524576, 1.260310, 47.488426, 50.590278, 0.000000, 0.000000
INFO:root:15, 1.486204, 1.238400, 48.426649, 51.334635, 0.000000, 0.000000
INFO:root:16, 1.452110, 1.243885, 49.254493, 52.159926, 0.000000, 0.000000
INFO:root:17, 1.421692, 1.286615, 49.990355, 52.213542, 0.000000, 0.000000
INFO:root:18, 1.394616, 1.267080, 50.648757, 52.754934, 0.000000, 0.000000
INFO:root:19, 1.370365, 1.248536, 51.241319, 53.242188, 0.000000, 0.000000
INFO:root:20, 1.348207, 1.232949, 51.777447, 53.683036, 0.000000, 0.000000
INFO:root:21, 1.327935, 1.218172, 52.264836, 54.083807, 0.000000, 0.000000
INFO:root:22, 1.309307, 1.203944, 52.709843, 54.449728, 0.000000, 0.000000
INFO:root:23, 1.291972, 1.191759, 53.117766, 54.785156, 0.000000, 0.000000
INFO:root:24, 1.276051, 1.179301, 53.493056, 55.093750, 0.000000, 0.000000
INFO:root:25, 1.261154, 1.168943, 53.839476, 55.378606, 0.000000, 0.000000
INFO:root:26, 1.247472, 1.158128, 54.160237, 55.642361, 0.000000, 0.000000
INFO:root:27, 1.234309, 1.148657, 54.464286, 55.887277, 0.000000, 0.000000
INFO:root:28, 1.221548, 1.140143, 54.747366, 56.115302, 0.000000, 0.000000
INFO:root:29, 1.210621, 1.134388, 55.015625, 56.319444, 0.000000, 0.000000
INFO:root:30, 1.200250, 1.126059, 55.285058, 56.518817, 0.000000, 0.000000
INFO:root:31, 1.190052, 1.121063, 55.543620, 56.892904, 0.000000, 0.000000
ERROR:asyncio:Task was destroyed but it is pending!
task: <Task pending name='Task-1' coro=<Kernel.poll_control_queue() running at /Users/stashakkarainen/anaconda3/lib/python3.10/site-packages/ipykernel/kernelbase.py:284> wait_for=<Future pending cb=[Task.task_wakeup()]> cb=[_chain_future.<locals>._call_set_state() at /Users/stashakkarainen/anaconda3/lib/python3.10/asyncio/futures.py:392]>
